{
	"meta": {
		"title": "[贰狗日志]",
		"description": "任贰狗的个人博客，发布一些日常收集来的软件、游戏，还有一些乱七八糟瞎折腾的研究笔记教程之类的。",
		"username": "Ciao"
	},
	"theme": {
		"colorBrand": "#35bfab",
		"colorPrimary": "#334f52",
		"colorSecondary": "#7b888e",
		"colorBrandSecondary": "#1fc9e7",
		"colorBg": "#eeeeee",
		"colorBorder": "#ffffff",
		"colorCard": "#ffffff66",
		"colorArticle": "#ffffffcc"
	},
	"backgroundColors": [
		"#EDDD62",
		"#9EE7D1",
		"#84D68A",
		"#EDDD62",
		"#88E6E5",
		"#a7f3d0"
	],
	"artImages": [
		{
			"id": "cat",
			"url": "/images/art/cat.png"
		},
		{
			"id": "a46372ff45bc5524",
			"url": "/images/art/a46372ff45bc5524.jpg"
		}
	],
	"currentArtImageId": "a46372ff45bc5524",
	"backgroundImages": [
		{
			"id": "",
			"url": ""
		}
	],
	"currentBackgroundImageId": "",
	"socialButtons": [
		{
			"id": "github",
			"type": "github",
			"value": "https://github.com/RT622",
			"label": "Github",
			"order": 3
		},
		{
			"id": "juejin",
			"type": "qq",
			"value": "/images/social-buttons/7f509f0a4c020a31.png",
			"label": "稀土掘金",
			"order": 2
		},
		{
			"id": "email",
			"type": "email",
			"value": "yysuni1001@gmail.com",
			"label": "",
			"order": 1
		}
	],
	"clockShowSeconds": false,
	"summaryInContent": false,
	"isCachePem": false,
	"hideEditButton": false,
	"enableCategories": true,
	"currentHatIndex": 3,
	"hatFlipped": false,
	"enableChristmas": false,
	"beian": {
		"text": "",
		"link": ""
	}
}