[
	{
		"id": "1764336067650-188e7e4bf33f88",
		"uploadedAt": "2025-11-28T13:21:07.650Z",
		"description": "我自己第一张图片，我自己的头像",
		"images": [
			"/images/pictures/b346636da687740b.webp"
		]
	},
	{
		"id": "1764689651308-5539b5e1504258",
		"uploadedAt": "2025-12-02T15:34:11.308Z",
		"description": "我的阳台栀子花，但是已经又消失了。我们没有养花的天赋，基本上买回来，开一季，死一季，下一批。。。😂",
		"images": [
			"/images/pictures/500a879c4bb952bc.webp"
		]
	},
	{
		"id": "1764756311754-0e7f3032a73e78",
		"uploadedAt": "2025-12-03T10:05:11.754Z",
		"description": "观音山上的飞天舞女🪽，现场飞起来还是挺吸引人的。但其它的界面除了跳舞那段好看以外，都一般般。只适合去一次。",
		"images": [
			"/images/pictures/c04c1c20524a8b30.webp"
		]
	},
	{
		"id": "1764760603959-d6bd5967d7ff9",
		"uploadedAt": "2025-12-03T11:16:43.959Z",
		"description": "我的键盘⌨️设置文档，以防我老是忘了怎么配置",
		"images": [
			"/images/pictures/8a702af4863127d6.webp"
		]
	},
	{
		"id": "1765075531040-cdc838fe51bd4",
		"uploadedAt": "2025-12-07T02:45:31.040Z",
		"description": "老婆买一堆“土产品”堆家里，让我想起小时候老家，也是这样😂😂😂",
		"images": [
			"/images/pictures/294e9fe7cb4f263d.webp"
		]
	},
	{
		"id": "1765075688460-b78179776306b",
		"uploadedAt": "2025-12-07T02:48:08.460Z",
		"description": "每年 10月份后，就去柿子村🍊 去游玩，这次就买了一个串。一直挂着，开始的时候根本不能吃，现在可以吃了。但是挂着好看💕",
		"images": [
			"/images/pictures/d868a9d12c640607.webp"
		]
	},
	{
		"id": "1766751533047-0bce714587387",
		"uploadedAt": "2025-12-26T12:18:53.047Z",
		"description": "一副广绣的大白鹅，第一眼就亮了🥰！反光的那面真的跟小时候薅下来的鹅羽毛一样，有一面摸起来很滑，还反光🤩",
		"images": [
			"/images/pictures/2b86d39bb670aff8.webp"
		]
	},
	{
		"id": "1766751568837-d91a594768fe68",
		"uploadedAt": "2025-12-26T12:19:28.837Z",
		"description": "看起来很舒服的陶瓷桃树",
		"images": [
			"/images/pictures/2fed7a81958a7023.webp"
		]
	},
	{
		"id": "1766752698547-aeeab81ab6eab",
		"uploadedAt": "2025-12-26T12:38:18.547Z",
		"description": "古龙峡真好玩，谁来谁知道，住宿也很便宜😃😘",
		"images": [
			"/images/pictures/cfa7051c1e13b0f5.webp"
		]
	},
	{
		"id": "1766754819812-1a3fb3a1112888",
		"uploadedAt": "2025-12-26T13:13:39.812Z",
		"description": "广州的景点就很密，古气又干净，外国人也多。商场跟深圳一样，就那重复明亮的店面。反而是清远的商场店面花样多变，吃到好吃的店，还便宜。",
		"images": [
			"/images/pictures/3959c3618bf86bde.webp"
		]
	},
	{
		"id": "1767233821122-b28cf4c81e95e",
		"uploadedAt": "2026-01-01T02:17:01.122Z",
		"description": "茶园，没有看到那种漫山遍野茶园",
		"images": [
			"/images/pictures/f80a711eb18783d1.webp"
		]
	},
	{
		"id": "1767234320774-7f86db98b3daa8",
		"uploadedAt": "2026-01-01T02:25:20.774Z",
		"description": "万绿湖",
		"images": [
			"/images/pictures/32dd9b8cfd17c766.webp"
		]
	},
	{
		"id": "1767234336241-582f24c1576d78",
		"uploadedAt": "2026-01-01T02:25:36.241Z",
		"description": "千佛塔",
		"images": [
			"/images/pictures/00331496b31159e4.webp"
		]
	},
	{
		"id": "1767234641905-b060752f933368",
		"uploadedAt": "2026-01-01T02:30:41.905Z",
		"description": "从海上认识厦门，真的很浪漫。伴随优雅的音乐，欢快的氛围，见到厦门最美的夜景🥰。在这种环境下，歌曲好听，萨克斯好听、小提琴真的很好听😘。",
		"images": [
			"/images/pictures/474f9e7a4c63084a.webp"
		]
	},
	{
		"id": "1767235814895-1565d5d34bbc5",
		"uploadedAt": "2026-01-01T02:50:14.895Z",
		"description": "汕头小公园。很大的一片特色街区，还有一处大屏幕。按道理应该很热闹，但是跨年夜居然没多少人。",
		"images": [
			"/images/pictures/638653ee81766e42.webp"
		]
	}
]